{"facebook/react": {"metrics": {"0": {"precision": 0.8846153846153846, "recall": 0.92, "f1-score": 0.9019607843137256, "support": 100}, "1": {"precision": 0.6403508771929824, "recall": 0.73, "f1-score": 0.6822429906542056, "support": 100}, "2": {"precision": 0.6463414634146342, "recall": 0.53, "f1-score": 0.5824175824175825, "support": 100}, "accuracy": 0.7266666666666667, "macro avg": {"precision": 0.7237692417410004, "recall": 0.7266666666666666, "f1-score": 0.7222071191285045, "support": 300}, "weighted avg": {"precision": 0.7237692417410003, "recall": 0.7266666666666667, "f1-score": 0.7222071191285044, "support": 300}}, "predictions": [0, 0, 0, 0, 0, 0, 0, 0, 0, 0, 0, 0, 0, 0, 0, 0, 0, 0, 0, 0, 0, 0, 0, 0, 0, 0, 0, 0, 0, 0, 0, 0, 0, 0, 0, 0, 0, 0, 0, 0, 0, 0, 0, 0, 0, 0, 0, 0, 0, 0, 0, 0, 0, 2, 0, 0, 0, 0, 2, 0, 0, 2, 0, 0, 0, 2, 0, 0, 0, 0, 0, 0, 0, 0, 0, 0, 0, 0, 0, 2, 2, 0, 0, 0, 0, 0, 0, 2, 0, 0, 0, 0, 0, 0, 0, 1, 0, 0, 0, 0, 0, 0, 1, 2, 2, 2, 1, 1, 1, 1, 0, 1, 1, 1, 0, 1, 1, 1, 1, 1, 1, 2, 1, 1, 2, 1, 1, 1, 1, 2, 1, 1, 1, 1, 1, 1, 1, 0, 1, 1, 1, 1, 1, 1, 1, 1, 1, 2, 1, 1, 1, 1, 2, 1, 1, 1, 1, 1, 2, 1, 2, 1, 1, 2, 1, 2, 1, 1, 2, 1, 1, 2, 2, 1, 1, 1, 1, 1, 1, 2, 1, 1, 1, 1, 1, 1, 2, 1, 2, 2, 2, 1, 2, 1, 1, 1, 1, 1, 2, 1, 2, 2, 2, 2, 2, 2, 0, 0, 1, 1, 2, 2, 2, 2, 2, 2, 2, 1, 2, 2, 2, 2, 2, 0, 2, 1, 2, 2, 2, 2, 2, 2, 1, 2, 2, 1, 2, 1, 1, 1, 1, 1, 1, 1, 0, 1, 1, 2, 2, 2, 1, 2, 2, 2, 2, 2, 2, 1, 2, 1, 1, 1, 1, 1, 2, 2, 1, 1, 2, 1, 0, 2, 0, 2, 2, 1, 1, 1, 1, 1, 1, 1, 1, 1, 2, 1, 1, 2, 2, 2, 2, 1, 2, 0, 1, 1, 2, 1, 2, 2]}, "tensorflow/tensorflow": {"metrics": {"0": {"precision": 0.8421052631578947, "recall": 0.8, "f1-score": 0.8205128205128205, "support": 100}, "1": {"precision": 0.8160919540229885, "recall": 0.71, "f1-score": 0.7593582887700535, "support": 100}, "2": {"precision": 0.6271186440677966, "recall": 0.74, "f1-score": 0.6788990825688074, "support": 100}, "accuracy": 0.75, "macro avg": {"precision": 0.7617719537495599, "recall": 0.75, "f1-score": 0.7529233972838938, "support": 300}, "weighted avg": {"precision": 0.7617719537495599, "recall": 0.75, "f1-score": 0.7529233972838938, "support": 300}}, "predictions": [2, 2, 0, 2, 2, 2, 2, 2, 0, 2, 0, 2, 0, 0, 2, 2, 2, 2, 2, 0, 2, 2, 2, 2, 2, 2, 2, 2, 0, 2, 2, 2, 2, 2, 0, 2, 2, 2, 2, 2, 1, 1, 1, 2, 2, 2, 2, 2, 2, 2, 1, 2, 2, 1, 1, 2, 2, 2, 2, 2, 2, 2, 2, 2, 1, 1, 0, 0, 0, 2, 0, 2, 1, 2, 2, 2, 2, 1, 2, 2, 2, 2, 2, 2, 2, 2, 2, 1, 2, 2, 2, 2, 2, 2, 1, 1, 1, 2, 2, 2, 1, 1, 2, 0, 1, 2, 1, 1, 1, 2, 2, 1, 1, 0, 2, 1, 2, 1, 2, 2, 1, 1, 0, 1, 2, 1, 2, 1, 2, 1, 1, 1, 1, 1, 1, 2, 1, 2, 1, 1, 2, 2, 1, 1, 1, 2, 1, 1, 2, 2, 2, 1, 1, 1, 1, 1, 1, 1, 1, 1, 1, 2, 1, 1, 1, 1, 1, 1, 1, 1, 2, 2, 1, 1, 1, 1, 1, 1, 1, 1, 1, 2, 1, 1, 2, 1, 1, 1, 1, 1, 1, 2, 1, 1, 1, 2, 1, 1, 1, 1, 0, 0, 0, 0, 0, 0, 0, 2, 0, 0, 2, 0, 0, 2, 0, 0, 0, 0, 0, 0, 0, 0, 0, 0, 0, 0, 0, 0, 0, 0, 0, 0, 0, 0, 0, 0, 0, 0, 2, 0, 0, 0, 0, 0, 2, 2, 0, 0, 0, 0, 0, 0, 2, 0, 0, 0, 2, 2, 0, 0, 0, 0, 2, 0, 0, 2, 0, 0, 0, 0, 0, 2, 2, 0, 0, 0, 0, 2, 0, 0, 0, 1, 0, 0, 0, 0, 0, 2, 1, 2, 0, 0, 0, 0, 0, 0, 0, 2, 2, 0]}, "bitcoin/bitcoin": {"metrics": {"0": {"precision": 0.5190839694656488, "recall": 0.68, "f1-score": 0.5887445887445887, "support": 100}, "1": {"precision": 0.7102803738317757, "recall": 0.76, "f1-score": 0.7342995169082127, "support": 100}, "2": {"precision": 0.532258064516129, "recall": 0.33, "f1-score": 0.40740740740740733, "support": 100}, "accuracy": 0.59, "macro avg": {"precision": 0.5872074692711845, "recall": 0.59, "f1-score": 0.5768171710200697, "support": 300}, "weighted avg": {"precision": 0.5872074692711845, "recall": 0.59, "f1-score": 0.5768171710200696, "support": 300}}, "predictions": [1, 1, 1, 1, 1, 1, 1, 2, 1, 2, 0, 1, 1, 1, 1, 1, 0, 1, 1, 1, 0, 1, 0, 1, 0, 1, 1, 1, 0, 0, 1, 0, 1, 1, 1, 1, 1, 1, 1, 1, 1, 0, 1, 1, 2, 2, 0, 1, 1, 1, 1, 1, 1, 1, 1, 1, 1, 0, 1, 1, 1, 1, 1, 1, 1, 0, 0, 1, 0, 2, 2, 1, 1, 1, 2, 1, 1, 1, 1, 1, 1, 1, 0, 1, 1, 1, 1, 1, 0, 1, 1, 1, 1, 1, 1, 1, 1, 2, 1, 1, 2, 0, 1, 0, 0, 2, 1, 1, 1, 2, 0, 1, 0, 0, 0, 0, 1, 2, 0, 0, 2, 2, 0, 0, 2, 2, 2, 0, 2, 0, 2, 0, 0, 0, 1, 2, 2, 1, 2, 0, 2, 2, 2, 1, 0, 1, 2, 2, 0, 2, 0, 0, 2, 1, 1, 0, 2, 0, 0, 0, 0, 0, 1, 0, 0, 2, 0, 0, 1, 0, 2, 2, 2, 0, 2, 2, 2, 0, 0, 0, 2, 1, 2, 1, 1, 1, 0, 0, 0, 0, 1, 2, 0, 0, 2, 1, 0, 0, 0, 0, 1, 2, 2, 2, 0, 0, 0, 1, 0, 2, 0, 0, 0, 0, 0, 2, 0, 2, 0, 0, 0, 0, 2, 0, 0, 2, 0, 2, 1, 0, 0, 1, 2, 2, 1, 0, 2, 0, 0, 0, 2, 1, 0, 0, 2, 0, 1, 0, 0, 0, 0, 0, 0, 2, 2, 0, 0, 0, 0, 0, 2, 0, 0, 0, 2, 0, 0, 0, 0, 1, 0, 0, 1, 0, 0, 0, 0, 0, 2, 0, 0, 2, 0, 0, 0, 0, 0, 0, 0, 0, 0, 0, 0, 0, 1, 0, 0, 1, 2, 0]}, "microsoft/vscode": {"metrics": {"0": {"precision": 0.572463768115942, "recall": 0.79, "f1-score": 0.6638655462184875, "support": 100}, "1": {"precision": 0.6666666666666666, "recall": 0.44, "f1-score": 0.5301204819277109, "support": 100}, "2": {"precision": 0.7291666666666666, "recall": 0.7, "f1-score": 0.7142857142857142, "support": 100}, "accuracy": 0.6433333333333333, "macro avg": {"precision": 0.6560990338164251, "recall": 0.6433333333333333, "f1-score": 0.6360905808106375, "support": 300}, "weighted avg": {"precision": 0.656099033816425, "recall": 0.6433333333333333, "f1-score": 0.6360905808106375, "support": 300}}, "predictions": [0, 0, 0, 0, 0, 0, 0, 0, 0, 0, 0, 0, 0, 0, 0, 0, 0, 0, 0, 0, 0, 0, 0, 0, 0, 0, 0, 0, 0, 2, 2, 0, 0, 2, 0, 2, 0, 0, 0, 1, 0, 0, 0, 0, 0, 0, 0, 0, 0, 2, 2, 0, 0, 0, 2, 2, 2, 0, 0, 0, 2, 0, 2, 0, 0, 0, 0, 1, 0, 2, 0, 0, 2, 2, 0, 0, 0, 0, 0, 0, 0, 1, 0, 0, 0, 0, 1, 0, 0, 0, 0, 0, 0, 0, 0, 2, 2, 0, 2, 0, 1, 0, 1, 1, 0, 0, 0, 0, 0, 1, 1, 1, 1, 1, 0, 0, 0, 0, 0, 2, 0, 0, 1, 1, 1, 0, 0, 0, 0, 1, 0, 1, 0, 0, 0, 0, 0, 0, 1, 1, 1, 1, 1, 0, 0, 1, 1, 2, 0, 1, 2, 0, 0, 1, 0, 0, 0, 2, 2, 1, 1, 0, 1, 1, 0, 2, 0, 1, 0, 1, 1, 1, 1, 1, 0, 0, 1, 1, 1, 0, 1, 0, 1, 1, 2, 0, 2, 1, 0, 0, 0, 1, 2, 1, 1, 1, 1, 0, 0, 0, 2, 1, 2, 1, 1, 2, 2, 2, 0, 2, 2, 1, 2, 2, 1, 2, 1, 2, 1, 1, 2, 2, 1, 2, 2, 2, 2, 2, 2, 2, 2, 2, 2, 2, 1, 2, 2, 0, 2, 2, 2, 2, 2, 2, 2, 1, 0, 2, 2, 0, 2, 0, 2, 2, 2, 2, 1, 2, 2, 2, 0, 2, 2, 2, 2, 1, 2, 2, 2, 1, 2, 1, 0, 2, 2, 2, 2, 2, 2, 0, 2, 2, 2, 0, 1, 2, 2, 2, 1, 2, 2, 2, 2, 0, 2, 1, 2, 0, 0, 2]}, "opencv/opencv": {"metrics": {"0": {"precision": 0.5185185185185185, "recall": 0.56, "f1-score": 0.5384615384615384, "support": 100}, "1": {"precision": 0.6774193548387096, "recall": 0.63, "f1-score": 0.6528497409326425, "support": 100}, "2": {"precision": 0.6666666666666666, "recall": 0.66, "f1-score": 0.6633165829145728, "support": 100}, "accuracy": 0.6166666666666667, "macro avg": {"precision": 0.6208681800079648, "recall": 0.6166666666666667, "f1-score": 0.6182092874362513, "support": 300}, "weighted avg": {"precision": 0.6208681800079648, "recall": 0.6166666666666667, "f1-score": 0.6182092874362514, "support": 300}}, "predictions": [0, 2, 0, 0, 2, 0, 0, 1, 0, 0, 0, 0, 1, 2, 2, 0, 2, 0, 2, 2, 0, 2, 1, 1, 1, 2, 0, 2, 0, 0, 1, 1, 0, 0, 0, 0, 0, 0, 1, 0, 0, 0, 1, 0, 2, 1, 0, 0, 1, 2, 0, 0, 2, 2, 2, 0, 0, 0, 1, 2, 0, 1, 1, 1, 0, 0, 0, 2, 1, 0, 0, 0, 0, 1, 0, 2, 0, 0, 0, 0, 1, 1, 0, 0, 0, 0, 0, 0, 0, 2, 1, 1, 0, 1, 0, 2, 0, 2, 0, 1, 1, 0, 0, 0, 2, 2, 0, 0, 0, 2, 2, 0, 2, 2, 0, 0, 2, 0, 2, 0, 2, 1, 2, 0, 0, 2, 0, 0, 0, 0, 2, 0, 2, 0, 0, 0, 0, 2, 0, 1, 1, 1, 2, 2, 2, 0, 1, 2, 2, 2, 2, 2, 2, 2, 2, 2, 2, 2, 2, 2, 2, 2, 2, 2, 0, 2, 2, 2, 2, 2, 2, 2, 2, 2, 2, 2, 2, 2, 2, 2, 2, 2, 1, 2, 2, 2, 2, 2, 0, 2, 2, 2, 2, 2, 2, 2, 2, 2, 0, 2, 2, 1, 0, 0, 1, 1, 2, 0, 1, 1, 1, 0, 1, 1, 1, 1, 1, 1, 1, 0, 1, 1, 0, 1, 1, 1, 1, 1, 1, 1, 1, 1, 0, 1, 0, 0, 2, 1, 1, 1, 1, 0, 1, 1, 2, 1, 0, 0, 0, 0, 1, 1, 1, 1, 1, 1, 1, 1, 0, 0, 2, 0, 1, 1, 2, 1, 1, 0, 0, 1, 0, 1, 1, 1, 0, 2, 1, 2, 1, 1, 1, 0, 1, 2, 1, 2, 1, 0, 1, 1, 1, 1, 1, 1, 1, 2, 0, 2, 1, 0]}, "overall": {"metrics": {"0": {"precision": 0.6673573807746778, "recall": 0.7500000000000001, "f1-score": 0.7027090556502321, "support": 100.0}, "1": {"precision": 0.7021618453106245, "recall": 0.654, "f1-score": 0.671774203838565, "support": 100.0}, "2": {"precision": 0.6403103010663787, "recall": 0.592,